{"cameraMode":{"drawMode":0,"name":"Shaded","section":"Shading Mode"},"sceneLighting":true,"audioPlay":false,"sceneViewState":{"m_AlwaysRefresh":false,"showFog":true,"showSkybox":true,"showFlares":true,"showImageEffects":true,"showParticleSystems":true,"showVisualEffectGraphs":true,"m_FxEnabled":true},"in2DMode":false,"pivot":{"x":4.845052719116211,"y":-6.075198173522949,"z":2.4127089977264406},"rotation":{"x":0.23295798897743226,"y":0.5930618047714233,"z":-0.18463745713233949,"w":0.7483038902282715},"size":6.5064849853515629,"orthographic":false}