{"cameraMode":{"drawMode":0,"name":"Shaded","section":"Shading Mode"},"sceneLighting":true,"audioPlay":false,"sceneViewState":{"m_AlwaysRefresh":false,"showFog":true,"showSkybox":true,"showFlares":true,"showImageEffects":true,"showParticleSystems":true,"showVisualEffectGraphs":true,"m_FxEnabled":true},"in2DMode":false,"pivot":{"x":-3.3507585525512697,"y":1.5146048069000245,"z":-7.7190046310424809},"rotation":{"x":-0.005783250089734793,"y":-0.9754084348678589,"z":0.22047844529151917,"w":-0.023919496685266496},"size":0.014753414317965508,"orthographic":false}