{"cameraMode":{"drawMode":0,"name":"Shaded","section":"Shading Mode"},"sceneLighting":false,"audioPlay":false,"sceneViewState":{"m_AlwaysRefresh":false,"showFog":true,"showSkybox":false,"showFlares":true,"showImageEffects":true,"showParticleSystems":true,"showVisualEffectGraphs":true,"m_FxEnabled":true},"in2DMode":false,"pivot":{"x":-27.86104965209961,"y":0.31031444668769839,"z":6.129117488861084},"rotation":{"x":0.07704715430736542,"y":-0.9200593829154968,"z":0.30775678157806399,"w":0.23019945621490479},"size":0.5150589942932129,"orthographic":false}