{"cameraMode":{"drawMode":0,"name":"Shaded","section":"Shading Mode"},"sceneLighting":false,"audioPlay":false,"sceneViewState":{"m_AlwaysRefresh":false,"showFog":true,"showSkybox":false,"showFlares":true,"showImageEffects":true,"showParticleSystems":true,"showVisualEffectGraphs":true,"m_FxEnabled":true},"in2DMode":false,"pivot":{"x":-68.14999389648438,"y":0.0000022649765014648439,"z":-61.61000061035156},"rotation":{"x":0.17094703018665315,"y":0.5091013312339783,"z":-0.10375192761421204,"w":0.8372356295585632},"size":3.3082194328308107,"orthographic":false}