{"cameraMode":{"drawMode":0,"name":"Shaded","section":"Shading Mode"},"sceneLighting":false,"audioPlay":false,"sceneViewState":{"m_AlwaysRefresh":false,"showFog":true,"showSkybox":false,"showFlares":true,"showImageEffects":true,"showParticleSystems":true,"showVisualEffectGraphs":true,"m_FxEnabled":true},"in2DMode":false,"pivot":{"x":-27.05739974975586,"y":0.9752967953681946,"z":5.417614936828613},"rotation":{"x":-0.0022975406609475614,"y":0.992999255657196,"z":-0.11702712625265122,"w":-0.01937532052397728},"size":0.4894690215587616,"orthographic":false}