{"cameraMode":{"drawMode":0,"name":"Shaded","section":"Shading Mode"},"sceneLighting":true,"audioPlay":false,"sceneViewState":{"m_AlwaysRefresh":false,"showFog":true,"showSkybox":false,"showFlares":true,"showImageEffects":true,"showParticleSystems":true,"showVisualEffectGraphs":true,"m_FxEnabled":true},"in2DMode":false,"pivot":{"x":0.2678207457065582,"y":1.2766386270523072,"z":-1.4883606433868409},"rotation":{"x":-0.19150206446647645,"y":-0.11003028601408005,"z":0.020977631211280824,"w":-0.9753263592720032},"size":0.8730725646018982,"orthographic":false}